{
	"time_step": 1,
	"time_start": 0,
	"time_limiting": 0.333,
	"window_height": 2.8,
	"window_width": 72,
	"window_open_fraction": 0.8,
	"room_breadth": 15.8,
	"room_depth": 31.6,
	"room_height": 2.8,
	"room_wall_thermal_inertia": 720,
	"fire_load_density": 420,
	"fire_hrr_density": 0.25,
	"fire_spread_speed": 0.0114,
	"fire_duration": 18000,
	"beam_position": 0.1,
	"beam_rho": 7850,
	"beam_cross_section_area": 0.017,
	"beam_temperature_goal": -1,
	"protection_k": 0.2,
	"protection_rho": 800,
	"protection_c": 1700,
	"protection_thickness": 0.0125,
	"protection_protected_perimeter": 2.14
}
